obs,date,ramey,tbr,barrotax,hours,govsaving,y,p,dtfp,g,gdpr,gdpp,invrtotal,dutil,govcons,govint,govtax,govtransf,govsocsec,compens,rfixinvest,nfixinvest
1948Q1,1948,0.691496694346152,0.99,0.193000003695488,88.174,5,12.575,15.322,10.3745455923315,488.594,1989.5,13.379,262.632,-0.880453168015839,19.232,5.536,52.3,13.3,4.8,36.217,8.529,28.2
1948Q2,1948.25,1.31490269539725,1,0.193000003695488,88.127,2.5,12.537,15.575,10.7389073986996,504.966,2021.9,13.497,278.885,-2.85969495655853,19.704,6.549,51.4,13,4.6,36.138,8.245,28
1948Q3,1948.5,0,1.05,0.193000003695488,88.754,-1.1,12.643,15.873,-2.63814775494444,515.048,2033.2,13.747,281.741,-0.990710825660823,20.037,6.882,50.8,14.6,4.6,36.261,8.265,29.1
1948Q4,1948.75,0,1.14,0.193000003695488,87.932,-2.7,12.576,16.097,1.76350130827613,533.794,2035.3,13.789,268.267,-1.27282725837003,20.637,7.852,50.9,14,4.5,36.951,8.456,30.2
1949Q1,1949,0,1.17,0.187000006437302,86.451,-6,12.485,15.993,-2.59176579645117,548.58,2007.5,13.717,228.041,-3.46639278609464,20.894,7.99,49.2,15.3,5.2,37.54,8.06,28.6
1949Q2,1949.25,0,1.17,0.187000006437302,85.005,-9.2,12.405,15.833,5.25031103715827,572.489,2000.8,13.579,197.725,-5.75750586004941,21.395,8.88,47.5,16.1,5.1,37.668,7.76,27.5
1949Q3,1949.5,0,1.04,0.187000006437302,84.113,-9.5,12.57,15.792,4.06156051168822,577.631,2022.8,13.509,214.117,2.81327402579485,21.12,8.684,47.7,16.5,4.8,38.065,7.406,26.1
1949Q4,1949.75,-0.731923566568683,1.08,0.187000006437302,83.776,-9.5,12.453,15.736,0.794861651320872,565.759,2004.7,13.518,203.585,-3.60931532680864,20.683,8.368,46.9,16.1,4.5,38.033,7.314,25.6
1950Q1,1950,0,1.1,0.210999995470047,84.425,-11.6,12.984,15.784,8.95171162081942,557.123,2084.6,13.49,251.917,7.97087445305636,20.741,8.83,51.8,23.7,5.3,39.14,7.526,26.4
1950Q2,1950.25,2.73826482381444,1.15,0.210999995470047,86.508,-0.6,13.454,15.855,-1.43143337615454,566.567,2147.6,13.538,278.877,9.50800698758384,20.951,9.44,56.4,17,5.3,39.684,8.153,28.9
1950Q3,1950.5,61.7053151235239,1.22,0.210999995470047,89.237,9.6,14.179,16.031,-0.00540572873620171,557.315,2230.4,13.832,302.85,8.04864949867529,20.307,7.165,63.2,13.4,5.5,39.732,8.829,31.9
1950Q4,1950.75,40.1923304139396,1.34,0.210999995470047,90.06,10,14.331,16.364,1.28296655032289,597.213,2273.4,14.09,341.332,-0.73391637791133,22.179,7.753,67.8,13.9,5.8,39.909,8.816,32.9
1951Q1,1951,1.2800206361805,1.37,0.247999995946884,91.574,12.7,14.602,16.808,-0.910914012719354,660.893,2304.5,14.596,306.454,-1.38431545736026,24.186,11.222,75.8,13.3,6.6,39.279,8.585,33.1
1951Q2,1951.25,0,1.49,0.247999995946884,92.31,5,14.668,17.04,-0.752780137317645,748.837,2344.5,14.692,313.558,1.40086660279489,26.905,11.989,72.7,13.7,6.7,39.763,8.689,34.1
1951Q3,1951.5,0,1.6,0.247999995946884,91.398,-0.6,14.856,17.145,11.0378279738932,830.933,2392.8,14.701,290.47,-3.56223421476437,29.514,14.498,72.4,13.9,6.6,40.23,8.79,34.8
1951Q4,1951.75,0,1.61,0.247999995946884,91.441,0.7,14.898,17.264,0.613695699072346,874.767,2398.1,14.869,267.326,-1.21637749650754,30.25,15.265,76.5,13.9,6.7,40.402,8.646,34.6
1952Q1,1952,-0.140216713118781,1.57,0.26800000667572,92.03,1.2,15.058,17.292,-2.15308244446515,900.516,2423.5,14.863,274.301,2.18286276510336,31.438,16.522,76.8,12.3,7,40.673,8.73,35.1
1952Q2,1952.25,-1.27711422115632,1.65,0.26800000667572,91.648,-2.4,14.984,17.294,10.533981745672,930.716,2428.5,14.882,253.621,-8.25945605942113,32.885,18.558,77.4,13.1,6.8,40.873,8.868,35.8
1952Q3,1952.5,0.221357236845426,1.78,0.26800000667572,92.307,-4.8,15.033,17.473,-3.77210817696889,940.03,2446.1,15.048,267.217,4.45844227421393,33.209,18.738,78.2,14,6.9,41.095,8.177,32.9
1952Q4,1952.75,0,1.89,0.26800000667572,94.778,-2.5,15.742,17.609,0.229340307730326,955.574,2526.4,15.091,286.467,6.96065925660941,33.686,19.727,81.7,13.2,7.1,42.071,8.902,35.8
1953Q1,1953,-1.96729002611892,1.98,0.266000002622604,95.761,-1.5,16.031,17.639,6.13403689978406,985.513,2573.4,15.096,292.632,-1.11869765447166,34.42,20.72,83.8,13.6,7.1,42.68,9.384,37.8
1953Q2,1953.25,-1.13266903495749,2.15,0.266000002622604,95.929,-3.3,16.11,17.745,4.11190815926223,1005.93,2593.5,15.125,294.299,-2.6891758833498,34.997,21.464,84.3,13.6,7.2,43.023,9.478,38.5
1953Q3,1953.5,-2.98258324338848,1.96,0.266000002622604,94.972,-2.6,16.028,17.8,2.5879915854273,995.234,2578.9,15.188,288.145,-5.3879206299174,34.522,20.522,83.7,13.6,7.2,43.285,9.69,39.6
1953Q4,1953.75,-0.255303879374105,1.47,0.266000002622604,93.477,-9.3,15.716,17.828,-0.217018735845778,992.371,2539.8,15.219,267.328,-5.6230206327311,34.766,21.13,78.7,14.1,7.1,43.634,9.602,39.2
1954Q1,1954,0,1.06,0.24099999666214,92.221,-9.8,15.532,17.89,4.38737897852401,967.271,2528,15.266,265.414,-5.02392626864157,33.25,18.733,75.3,14.7,8.1,43.912,9.35,38.3
1954Q2,1954.25,0,0.79,0.24099999666214,91.526,-8.4,15.525,17.915,2.03049502759533,934.283,2530.7,15.281,264.787,0.81146561438559,32.043,17.017,75.7,15.1,8.1,44.032,9.266,38.2
1954Q3,1954.5,-1.29289580029381,0.88,0.24099999666214,91.168,-7.6,15.745,17.891,4.39351623797089,914.284,2559.4,15.3,277.56,-0.0600766003719891,31.74,16.114,76.7,16,8.1,44.496,9.502,38.9
1954Q4,1954.75,0,1.02,0.24099999666214,92.31,-6.3,16.129,17.961,1.79574425810405,908.555,2609.3,15.343,289.723,4.43890748628162,31.694,16.009,79,16.8,8.2,45.064,9.489,38.9
1955Q1,1955,1.22392189615855,1.22,0.25,93.799,-2.9,16.702,18.051,-1.04238060915041,909.151,2683.8,15.417,318.651,8.03600323252471,31.692,16.296,83,17.2,8.9,45.317,9.65,39.5
1955Q2,1955.25,0,1.48,0.25,95.02,-0.6,16.969,18.117,1.00804329554916,900.531,2727.5,15.481,337.941,3.73109367362162,31.076,16.882,85.3,16.8,9.1,45.754,10.221,42.1
1955Q3,1955.5,0,1.86,0.25,96.007,-0.7,17.215,18.296,1.15040681916919,906.105,2764.1,15.59,343.122,-0.909474223030048,31.833,16.573,87.5,16.8,9.2,46.536,10.727,44.8
1955Q4,1955.75,0,2.34,0.25,97.171,1.9,17.37,18.464,-3.12479161596505,888.26,2780.8,15.743,351.08,1.07583120112521,31.156,15.26,89.7,16.8,9.3,46.811,11.048,47.1
1956Q1,1956,0.205572955364705,2.33,0.254000008106232,97.76,2.3,17.26,18.642,3.05774142723236,888.062,2770,15.902,341.063,-5.07959441766706,30.866,14.609,90.4,17.1,9.9,47.541,10.912,47.8
1956Q2,1956.25,0.136212855543193,2.57,0.254000008106232,97.973,0.7,17.376,18.762,6.2448659982037,905.88,2792.9,15.997,338.385,-4.56195033161101,31.489,15.765,92.3,17.4,10,48.14,11.108,49.1
1956Q3,1956.5,0.671491220664138,2.58,0.254000008106232,97.581,1.2,17.308,18.997,-2.4870214594489,898.256,2790.6,16.197,335.358,1.0394029060261,30.809,13.913,92.6,17.8,10,48.373,11.22,50.7
1956Q4,1956.75,0.110625747282454,3.03,0.254000008106232,98.121,1.4,17.588,19.112,2.83757160630997,920.738,2836.2,16.264,332.248,3.80877961051381,31.586,14.926,95.9,18.1,10.2,48.765,11.221,51.4
1957Q1,1957,0,3.1,0.254999995231628,98.209,0.4,17.805,19.334,2.60553320840023,940.73,2854.5,16.485,327.088,-2.52613190632594,32.211,16.052,97.5,18.7,11.4,49.07,11.281,52.5
1957Q2,1957.25,0.510013782739968,3.14,0.254999995231628,98,-1.5,17.701,19.449,5.45722801841225,935.743,2848.2,16.601,326.755,-6.99702459106362,32.12,15.808,97.4,20.2,11.5,49.146,11.258,52.6
1957Q3,1957.5,0,3.35,0.254999995231628,97.526,-1.6,17.867,19.546,3.44076932304608,943.498,2875.9,16.701,334.246,-2.17266952865563,32.208,15.702,97.6,20.1,11.5,49.356,11.485,54.1
1957Q4,1957.75,2.14443567950892,3.31,0.254999995231628,95.506,-7.7,17.553,19.598,7.61914412270076,959.272,2846.4,16.711,308.547,-7.91205106968062,32.844,17.138,95.1,21.3,11.4,49.783,11.22,53.2
1958Q1,1958,0.147162177443449,1.76,0.252999991178513,93.344,-10.2,16.918,19.675,0.22412057941809,950.847,2772.7,16.892,287.7,-6.66741152482904,32.083,15.74,91.9,22.6,11.4,49.226,10.506,49.4
1958Q2,1958.25,0,0.96,0.252999991178513,92.005,-15,17.004,19.687,1.18594870710654,974.705,2790.9,16.94,281.906,1.63426802669648,33.008,17.66,92.3,24.6,11.3,49.317,10.118,47.8
1958Q3,1958.5,0,1.68,0.252999991178513,93.101,-12.5,17.528,19.792,0.930769745628,980.561,2855.5,17.043,303.543,6.18018340696243,33.035,16.49,96.1,25,11.5,50.495,10.012,47.4
1958Q4,1958.75,0,2.69,0.252999991178513,94.491,-10.6,18.09,19.881,0.601181942655335,1000.673,2922.3,17.123,329.424,4.72294968391441,33.471,17.347,100.6,24.5,11.6,50.643,10.388,49.3
1959Q1,1959,0.299776303924249,2.77,0.264999985694885,96.319,-4.5,18.453,19.98,-2.83869846987056,989.449,2976.6,17.169,347.373,8.17963250687643,32.237,15.609,104,26.8,13.7,51.053,10.711,50.9
1959Q2,1959.25,0,3,0.264999985694885,98.162,-1.8,19.029,20.02,1.15861986802771,1001.749,3049,17.194,374.394,3.41921392498215,32.805,16.216,108,26.9,13.9,51.384,11.02,52.7
1959Q3,1959.5,0,3.54,0.264999985694885,97.873,-4.2,18.935,20.098,2.16969247504753,1010.329,3043.1,17.258,350.215,-4.38595569119971,33.208,16.727,107.5,26.4,13.9,51.421,11.316,54.4
1959Q4,1959.75,0,4.23,0.264999985694885,97.887,-4.9,18.905,20.199,2.94835106456226,1002.144,3055.1,17.326,361.612,-2.64560368209268,33.273,16.697,108.7,27.5,14,51.605,11.285,54.4
1960Q1,1960,0,3.87,0.264999985694885,98.492,4.7,19.463,20.222,5.64833199535996,985.207,3123.2,17.397,397.964,3.22068339763111,32.382,14.451,114.1,26.8,16.5,52.665,11.677,56.3
1960Q2,1960.25,0.533724360167004,2.99,0.264999985694885,98.666,1.3,19.234,20.266,-2.46777458839284,995.833,3111.3,17.443,360.873,-4.5284926951484,32.851,14.53,113.5,28.2,16.5,52.686,11.848,57.2
1960Q3,1960.5,0,2.36,0.264999985694885,98.107,-0.4,19.18,20.346,0.660287231032262,1020.016,3119.1,17.506,359.955,-1.90835173471394,33.396,15.325,113.4,27.9,16.5,52.975,11.64,56.2
1960Q4,1960.75,0,2.31,0.264999985694885,97.196,-4.9,18.77,20.413,3.35104758702419,1026.824,3081.3,17.56,320.079,-6.76961446444479,33.703,15.514,112.6,29.6,16.4,52.868,11.613,55.9
1961Q1,1961,1.42313346398462,2.35,0.270000010728836,96.65,-4.7,18.904,20.432,1.08417102039366,1041.989,3102.3,17.598,328.386,0.721456951664546,33.364,14.473,112.9,31.1,16.8,53.224,11.447,55
1961Q2,1961.25,5.69657900922918,2.3,0.270000010728836,96.425,-6.4,19.399,20.472,4.46074847378811,1044.388,3159.9,17.641,351.395,6.04561875617141,33.941,15.211,115.5,32.8,17,53.986,11.702,56.2
1961Q3,1961.5,0.627899738541293,2.3,0.270000010728836,96.991,-4.9,19.782,20.486,2.04778401857468,1066.389,3212.6,17.687,378.713,1.55414188616851,34.464,15.574,118.1,31.7,17.1,54.178,11.817,56.7
1961Q4,1961.75,-0.175985824721948,2.46,0.270000010728836,98.224,-2.9,20.221,20.496,-3.16847386774294,1089.696,3277.7,17.745,384.98,7.87105313482774,34.974,15.614,121.9,31.8,17.4,54.494,12.176,58.5
1962Q1,1962,0.343858585598365,2.72,0.275000005960464,98.585,-5.4,20.633,20.59,2.54689377158536,1110.693,3336.8,17.837,405.737,-0.935457324809939,35.833,16.874,122.7,32.5,18.9,55.149,12.42,59.7
1962Q2,1962.25,0,2.72,0.275000005960464,99.76,-5.6,20.844,20.665,-0.830078280459931,1116,3372.7,17.866,402.536,2.19736233902956,36.174,17.132,124.5,33,19.2,55.309,12.756,61.4
1962Q3,1962.5,0,2.84,0.275000005960464,99.552,-4.9,21.072,20.687,3.78525814179761,1141.704,3404.8,17.903,409.376,-0.0321971761357893,36.992,18.474,127.6,32.1,19.3,55.537,12.914,62.1
1962Q4,1962.75,0,2.81,0.275000005960464,98.918,-5.5,21.115,20.67,5.36438339449268,1149.646,3418,17.938,397.4,-1.57296753470569,37.324,19.037,129.4,33.4,19.3,55.914,12.866,61.8
1963Q1,1963,0,2.91,0.280000001192093,99.52,-3.4,21.314,20.779,0.168852660199279,1134.115,3456.1,18.017,418.307,0.756093583962613,36.641,17.734,130.7,34.8,21.4,56.288,12.897,62
1963Q2,1963.25,0,2.94,0.280000001192093,100.149,-1.1,21.666,20.786,1.22102816309734,1135.077,3501.1,18.047,424.962,1.99255964926589,36.634,16.857,133.6,34.9,21.6,56.468,13.298,63.9
1963Q3,1963.5,-1.12369759333983,3.29,0.280000001192093,100.42,-1.6,22.187,20.779,5.64106861185818,1185.424,3569.5,18.069,438.047,0.356763414132773,38.131,19.247,135.6,33.3,21.8,56.699,13.663,65.7
1963Q4,1963.75,0,3.5,0.280000001192093,101.2,-2.3,22.359,20.907,-0.444039781237541,1173.662,3595,18.216,443.366,1.06239079053555,37.901,18.512,137.6,34.1,22.1,57.197,14.061,67.7
1964Q1,1964,-0.702463606295903,3.53,0.252999991178513,103.079,-5.5,22.978,20.964,5.56694122123128,1177.319,3672.7,18.274,459.958,-1.35903383266275,37.872,18.265,137.4,35,22.1,56.919,14.356,69.1
1964Q2,1964.25,0,3.48,0.252999991178513,103.528,-10.2,23.235,21.028,-3.18885318059663,1187.944,3716.4,18.318,458.301,4.92913332586805,38.156,18.068,134.4,35.6,22.3,57.457,14.692,71.1
1964Q3,1964.5,0,3.5,0.252999991178513,104.191,-6.7,23.56,21.135,3.29606753422268,1189.381,3766.9,18.392,468.997,-0.0596172060382589,38.22,17.914,138.1,34.5,22.6,58.083,15.166,73.4
1964Q4,1964.75,0,3.68,0.252999991178513,105.203,-5.1,23.576,21.204,-0.517454232438337,1188.954,3780.2,18.476,473.452,-0.179589376570225,38.172,17.454,140.2,35.1,22.8,58.243,15.489,75.3
1965Q1,1965,0.315002733407583,3.89,0.244000002741814,106.847,-0.9,24.3,21.273,0.383553500198039,1187.655,3873.5,18.569,518.593,6.21604246516448,38.314,17.759,146.7,36.4,23,58.294,16.475,80.2
1965Q2,1965.25,0.194649630026389,3.87,0.244000002741814,107.906,-2,24.687,21.303,1.45643109963511,1202.022,3926.4,18.652,519.955,-1.03814190967434,38.837,18.172,149.3,37.7,23.3,58.314,17.08,83.4
1965Q3,1965.5,1.91160704448497,3.87,0.244000002741814,108.16,-9.4,25.189,21.39,8.53743759817779,1241.732,4006.2,18.726,538.059,-2.69902361916873,40.022,19.939,148.6,39.4,23.6,58.754,17.701,86.7
1965Q4,1965.75,0,4.17,0.244000002741814,109.184,-9.6,25.89,21.466,3.01413896098273,1265.368,4100.6,18.853,541.622,2.46558291199007,40.976,20.84,153.2,38.4,24.1,59.313,18.421,90.6
1966Q1,1966,0,4.61,0.250999987125397,110.761,-4.1,26.631,21.529,4.3209503415819,1289.017,4201.9,18.975,584.895,1.64337912889518,41.28,20.918,157.1,39.8,30.5,59.778,19.193,94.4
1966Q2,1966.25,0.125422179364962,4.59,0.250999987125397,111.847,-5.6,26.729,21.755,-1.43989012949513,1313.365,4219.1,19.131,576.237,-1.13782122116306,42.616,22.714,162.6,41.5,30.9,60.184,19.509,96.8
1966Q3,1966.5,1.36282064396103,5.04,0.250999987125397,112.37,-7.8,26.895,21.919,1.12168577973443,1349.101,4249.2,19.317,571.985,-2.34652359104242,43.571,22.889,165.5,41.3,32,60.522,19.766,98.3
1966Q4,1966.75,2.65591493820819,5.21,0.250999987125397,112.068,-10.3,27.006,22.174,4.26990245108205,1372.382,4285.6,19.481,575.338,-3.36462426107742,44.102,22.636,168.7,45.3,32.3,60.844,19.766,99.2
1967Q1,1967,4.64743468121588,4.51,0.256000012159348,111.942,-19.3,27.203,22.281,7.78365214623545,1429.849,4324.9,19.562,561.218,-7.38064196922819,46.194,25.921,169.2,48.6,33.7,61.511,19.445,98
1967Q2,1967.25,0.709192848470948,3.66,0.256000012159348,111.257,-20.5,27.148,22.404,5.06855228742419,1424.221,4328.7,19.661,540.914,-3.42119836206341,46.424,25.987,170,49.8,34.7,62.132,19.399,98.3
1967Q3,1967.5,0.446503209119027,4.3,0.256000012159348,111.622,-18.8,27.348,22.597,-1.55169882635789,1440.159,4366.1,19.849,556.775,1.66009071485101,46.872,26.037,175.1,50.9,35.3,62.349,19.365,98.8
1967Q4,1967.75,-1.15393686215996,4.75,0.256000012159348,112.13,-19.4,27.571,22.811,3.02632366284696,1451.435,4401.2,20.067,568.785,-2.0337722118555,47.405,26.631,180.9,51.9,36.1,62.51,19.755,101.7
1968Q1,1968,0.566122223075104,5.05,0.28600001335144,112.329,-16.9,28.236,23.049,4.96106614330281,1477.236,4490.6,20.29,580.189,1.25943187902596,48.745,28.372,190.7,54.4,37.7,63.565,20.337,105.6
1968Q2,1968.25,-2.55722763756454,5.52,0.28600001335144,113.407,-18.6,28.78,23.3,1.77688895020326,1485.012,4566.4,20.504,602.381,1.47806420054975,48.889,27.896,196.6,58.2,38.6,63.975,20.087,105.3
1968Q3,1968.5,0,5.2,0.28600001335144,114.2,-10.1,28.972,23.45,-0.681228493081944,1489.654,4599.3,20.706,585.953,1.84412023363081,49.167,27.897,209.3,59.6,39.2,64.155,20.363,107.6
1968Q4,1968.75,0,5.59,0.28600001335144,114.905,-9.3,29.1,23.775,0.33653368452246,1490.99,4619.8,20.999,592.327,-1.25994111726374,49.528,28.799,215.7,61.4,39.9,64.631,20.918,112.2
1969Q1,1969,0,6.09,0.298000007867813,115.981,2.2,29.598,24.06,-0.307243377480914,1494.713,4691.6,21.217,627.207,-0.152014323117073,49.367,27.812,224.8,61.4,43.1,64.72,21.453,116
1969Q2,1969.25,0,6.2,0.298000007867813,117.055,-1.5,29.632,24.332,-1.73668251609279,1490.022,4706.7,21.488,623.511,0.74580194464286,50.012,28.603,229.1,64.1,43.9,64.745,21.687,118.4
1969Q3,1969.5,0,7.02,0.298000007867813,117.616,-8.6,29.792,24.572,-1.01042420168402,1493.466,4736.1,21.79,636.17,0.833982905290866,50.268,28.517,228.6,64.2,44.8,65.011,22.18,122.4
1969Q4,1969.75,0,7.35,0.298000007867813,117.259,-12.5,29.577,24.822,-1.44682933398055,1473.931,4715.5,22.071,605.453,-1.29294707504575,50.461,28.554,231.3,66.8,45.5,65.269,22.064,123.3
1970Q1,1970,-0.480420870205155,7.21,0.28600001335144,116.797,-22.2,29.538,25.089,3.23038007577794,1466.946,4707.1,22.382,587.395,-5.42519734326414,49.908,27.971,227.5,67.9,46.2,65.401,21.909,123.8
1970Q2,1970.25,-0.284759323356263,6.68,0.28600001335144,115.257,-32.6,29.593,25.46,6.12853658876951,1450.151,4715.4,22.694,588.671,-4.58665673274582,49.511,27.111,230.7,78.8,46.5,65.525,21.766,125
1970Q3,1970.5,0,6.33,0.28600001335144,114.672,-39.5,29.895,25.589,4.60462556016825,1456.479,4757.2,22.88,598.252,-0.0659314802968646,49.689,27.446,228.9,79.3,46.9,65.918,21.842,126.3
1970Q4,1970.75,0,5.35,0.28600001335144,113.797,-44.7,29.413,25.958,0.263839167330994,1457.243,4708.3,23.182,566.489,-4.40620782687328,49.809,27.745,229.8,83.1,46.7,65.62,21.093,123.5
1971Q1,1971,0,3.84,0.277999997138977,114.333,-45.5,30.41,26.231,7.026639928149,1436.079,4834.3,23.536,632.533,2.19816836193827,49.846,27.869,233.7,85.8,50.8,66.413,21.267,126.3
1971Q2,1971.25,0,4.25,0.277999997138977,114.702,-52.4,30.611,26.547,-0.017227280782674,1432.809,4861.9,23.846,650.482,0.422446399663166,49.85,28.204,238.2,93.6,51.4,66.777,21.556,129.5
1971Q3,1971.5,0,5.01,0.277999997138977,114.703,-51.7,30.884,26.794,8.27585734058815,1432.388,4900,24.088,658.374,-4.83485124931683,49.775,28.132,241.8,93.3,51.6,67.03,21.651,131.2
1971Q4,1971.75,0,4.23,0.277999997138977,115.931,-53.7,30.967,26.894,-7.65412868831574,1422.625,4914.3,24.288,640.645,7.4086099160058,49.695,28.023,247.5,96.3,52.2,66.996,22.094,134.7
1972Q1,1972,0,3.44,0.289000004529953,117.344,-45.7,31.785,27.225,0.981734503767342,1429.346,5002.4,24.664,682.859,2.44817684881751,50.153,30.017,264.7,100.1,58.5,68.235,22.798,140.6
1972Q2,1972.25,0,3.77,0.289000004529953,118.184,-51.4,32.666,27.334,1.64082298630608,1437.955,5118.3,24.815,721.647,4.65045358443019,50.414,30.931,270.8,99.5,59.2,68.597,23.17,144
1972Q3,1972.5,0,4.22,0.289000004529953,118.849,-40.7,33.028,27.505,2.49890157841627,1409.295,5165.4,25.048,731.894,0.00673561468223245,49.721,28.856,275.1,101.7,59.9,68.96,23.509,147
1972Q4,1972.75,0,4.86,0.289000004529953,120.091,-57.8,33.648,27.677,3.450897511662,1420.091,5251.2,25.366,736.484,3.07779071709124,49.665,28.532,284.7,110.5,60.8,69.539,24.635,155
1973Q1,1973,0,5.7,0.305000007152557,121.905,-40,34.92,27.84,4.63076453261002,1431.595,5380.5,25.661,779.645,1.37166252318078,49.61,28.697,290.4,111.5,74.1,70.257,25.668,162.8
1973Q2,1973.25,0,6.6,0.305000007152557,123.18,-40.8,35.318,28.148,-1.68210730890147,1424.526,5441.5,26.052,812.878,1.07831185602135,49.677,29.139,295.4,115.3,75.3,69.778,26.623,171.3
1973Q3,1973.5,-0.352707688959899,8.32,0.305000007152557,124.012,-36.6,35.212,28.511,-3.50421290882524,1406.406,5411.9,26.549,783.403,-1.04936354327727,49.333,28.002,300.9,116.2,76.6,69.614,27.033,176.6
1973Q4,1973.75,0.347987490696015,7.5,0.305000007152557,124.628,-33.4,35.158,29.188,2.3750625844625,1415.766,5462.4,27.077,811.308,-2.0185588489214,49.704,28.442,310.5,117.7,78.1,69.27,27.236,180.1
1974Q1,1974,0,7.62,0.324999988079071,124.097,-35.3,34.937,29.841,-3.51176581349172,1442.35,5417,27.592,764.976,-4.25236501836782,50.384,29.253,312.8,123.1,83.7,68.801,27.208,183.4
1974Q2,1974.25,0,8.15,0.324999988079071,124.422,-37.9,34.936,30.936,0.86824390665358,1451.635,5431.3,28.248,761.923,-3.35833413431718,50.382,28.945,324.8,135.2,85.3,68.763,27.161,188.8
1974Q3,1974.5,0,8.19,0.324999988079071,123.989,-36.2,34.445,31.893,-6.09827685437527,1453.496,5378.7,29.067,722.434,1.49549086657414,50.729,29.109,338.9,139.1,86.9,68.865,26.884,194.5
1974Q4,1974.75,0,7.36,0.324999988079071,121.939,-53.3,34.176,32.864,3.72475424474685,1459.885,5357.2,29.923,726.819,-6.03948929768522,51.219,29.645,336,146.1,87.1,68.659,26.178,197.6
1975Q1,1975,0,5.75,0.333000004291534,118.114,-75.1,33.366,33.935,8.26307588059093,1476.106,5292.4,30.601,609.744,-7.57921848912637,51.601,30.13,330.3,158.7,88.2,69.258,24.684,193.1
1975Q2,1975.25,0,5.39,0.333000004291534,117.024,-132.4,33.61,34.448,5.44778374685462,1466.234,5333.2,31.059,591.591,-0.22944798616252,52.004,30.664,300.7,175.7,88.6,69.897,24.091,193.3
1975Q3,1975.5,0,6.33,0.333000004291534,118.095,-89.7,34.302,34.989,-0.104385390709741,1489.536,5421.4,31.612,637.454,5.75714906155511,52.087,30.105,348.1,173.3,90.3,69.729,24.348,197.8
1975Q4,1975.75,0,5.63,0.333000004291534,120.122,-90.7,34.924,35.489,-3.43937531666812,1503.365,5494.4,32.139,655.247,4.88403057732091,52.108,30.336,358.1,177.4,92.4,69.586,24.638,202.9
1976Q1,1976,0.226517242076241,4.92,0.340000003576279,122.109,-80.8,36.025,35.896,1.90210186255203,1506.522,5618.5,32.473,718.469,4.476059210695,51.904,29.665,369.8,180.2,99.6,70.11,25.166,209.5
1976Q2,1976.25,0,5.16,0.340000003576279,122.152,-76.2,36.384,36.297,3.57445178262429,1491.358,5661,32.803,746.906,-1.80089830731717,52.027,30.244,378.9,179.1,101.1,70.8,25.5,215
1976Q3,1976.5,0,5.15,0.340000003576279,122.638,-79.5,36.595,36.809,-0.270369631618507,1483.926,5689.8,33.226,749.51,0.758430653585228,51.866,29.742,388.3,189.6,102.8,71.152,26.058,222.6
1976Q4,1976.75,0,4.67,0.340000003576279,123.295,-83,36.91,37.482,3.22375952614193,1484.438,5732.5,33.815,755.119,-2.42669101599378,52.16,29.594,397.5,188.4,104.4,71.628,26.561,230.2
1977Q1,1977,0,4.63,0.361000001430511,124.608,-72.2,37.529,38.021,0.993123389512349,1497.302,5799.2,34.359,790.107,0.720497594796032,52.407,30.347,411.4,191.5,110,71.663,27.529,243.3
1977Q2,1977.25,0,4.84,0.361000001430511,126.985,-66.3,38.409,38.635,-2.28332401447777,1512.023,5913,34.841,846.752,6.11255859875392,52.797,31.19,427.1,193.2,112.8,71.868,28.29,253.7
1977Q3,1977.5,-0.242699241080541,5.5,0.361000001430511,128.344,-73.1,39.206,39.143,5.55248624950138,1515.394,6017.6,35.27,889.601,-0.553184647342733,53.179,31.711,436.1,198.5,115.1,72.268,28.854,263.3
1977Q4,1977.75,0,6.11,0.361000001430511,129.598,-76,39.081,39.834,-4.85706706875333,1512.118,6018.2,36.036,867.284,1.72765923213645,53.278,31.374,449.2,200.6,117.5,72.453,29.733,275.9
1978Q1,1978,0,6.39,0.368999987840652,130.196,-78.2,39.291,40.45,4.11153256294056,1513.863,6039.2,36.573,884.186,-5.7204770427591,53.514,31.422,450.8,205,127,73.761,29.993,282.4
1978Q2,1978.25,0,6.48,0.368999987840652,134.004,-58.9,41.229,41.06,0.782466394700423,1554.053,6274,37.242,941.615,6.90068075517454,53.86,32.257,482,206.5,131,72.957,32.316,309.3
1978Q3,1978.5,0,7.31,0.368999987840652,135.132,-53.1,41.575,41.777,0.78503726591245,1566.415,6335.3,37.865,969.053,-1.17953942094578,53.988,32.245,493.1,214.6,133.6,72.772,33.413,325.1
1978Q4,1978.75,0,8.57,0.368999987840652,136.77,-49.2,42.344,42.609,-0.0276984010986519,1580.582,6420.3,38.661,991.471,0.334589121765739,54.251,32.371,513.1,217.6,136.9,73.025,34.493,341.4
1979Q1,1979,0.443166067194518,9.38,0.38400000333786,137.742,-39.6,42.266,43.344,0.45360151257476,1566.901,6433,39.352,993.13,-1.22813163344521,54.5,32.703,519.4,222.8,149.7,73.53,35.287,356.7
1979Q2,1979.25,0,9.38,0.38400000333786,138.3,-39.2,42.321,44.593,3.49783745119997,1582.978,6440.8,40.304,992.232,-8.0930518104226,54.584,33.244,530.5,227.6,151.8,73.22,35.253,364.3
1979Q3,1979.5,0,9.67,0.38400000333786,139.46,-44.8,42.631,45.557,-6.05869818418151,1585.117,6487.1,41.165,975.505,4.49936617146063,53.947,32.013,545.1,243.2,155.1,72.956,36.294,383
1979Q4,1979.75,0,11.84,0.38400000333786,139.734,-54.4,42.677,46.454,0.564941435500494,1595.44,6503.9,41.986,958.17,-2.04673377312272,54.418,32.83,556.7,250.3,158.1,72.986,36.392,391.3
1980Q1,1980,6.19261937563274,13.35,0.400000005960464,139.4,-63.5,42.777,47.63,10.9099102626288,1620.201,6524.9,42.859,951.572,-11.2576948942726,54.94,32.836,569.9,261.7,164.1,72.779,36.786,404.5
1980Q2,1980.25,0,9.62,0.400000005960464,136.97,-87.4,41.575,48.967,-5.10699053979857,1625.907,6392.6,43.8,870.674,-3.35931455834743,55.777,34.083,564.9,264.7,164.2,72.87,35.086,394.7
1980Q3,1980.5,0,9.15,0.400000005960464,136.342,-100.3,41.523,49.743,-2.83364637284978,1601.896,6382.9,44.808,813.266,3.14833519146539,55.155,32.947,588.4,297.4,167.6,72.927,35.319,405.7
1980Q4,1980.75,0,13.61,0.400000005960464,138.026,-93.7,42.505,50.819,-2.88346860098449,1601.844,6501.2,46.046,889.175,8.99171857103577,55.019,32.858,619.1,303,172.9,73.195,36.063,422.8
1981Q1,1981,2.48870866531504,14.39,0.418000012636185,138.787,-71.8,43.462,52.366,5.09021375791297,1622.767,6635.7,47.196,971.65,-0.911057318304975,55.48,33.669,651,305.7,192.8,73.059,36.804,443
1981Q2,1981.25,0,14.91,0.418000012636185,138.836,-75.6,42.934,53.435,-3.82763898342415,1627.876,6587.3,48.081,931.326,0.63234279944876,56.192,34.87,658.5,308.8,195.3,73.016,37.551,462.9
1981Q3,1981.5,0,15.05,0.418000012636185,138.789,-82.6,43.282,54.557,7.11645323843483,1621.636,6662.9,48.946,983.54,-2.99944930844865,56.187,34.637,678.1,328.1,198.8,73.131,38.409,482.1
1981Q4,1981.75,0,11.75,0.418000012636185,138.255,-113.3,42.605,55.58,-3.01299231841714,1639.902,6585.1,49.863,948.409,-4.7688922770708,56.628,34.935,666.2,329.9,200.6,72.971,39.278,503.8
1982Q1,1982,0,12.81,0.404000014066696,136.029,-133.2,41.618,56.363,1.34295107211782,1638.197,6475,50.561,854.889,-6.34365544942329,56.979,35.525,653.4,335.8,208.4,73.922,38.255,500.1
1982Q2,1982.25,0,12.42,0.404000014066696,136.557,-139.3,41.866,57.051,-4.47218871438594,1648.894,6510.2,51.17,853.798,3.82890513317757,57.059,35.402,663.4,343.7,209.6,73.786,37.038,490.1
1982Q3,1982.5,0,9.32,0.404000014066696,135.591,-175.8,41.649,57.752,-3.15602240169594,1659.271,6486.8,51.907,845.737,0.812733256222637,57.598,36.508,657.8,360.7,211,73.689,35.96,478.7
1982Q4,1982.75,0,7.91,0.404000014066696,134.365,-210.2,41.648,58.352,1.77957799904622,1685.777,6493.1,52.483,780.325,-1.10752614773835,58.239,37.812,663.4,378.5,211.4,73.923,35.338,471.5
1983Q1,1983,0,8.11,0.391000002622604,135.151,-207,42.45,58.611,-0.719291063662452,1701.92,6578.2,52.907,807.499,3.27828354678318,58.929,38.791,663.1,377.6,221.6,74.267,34.817,462.1
1983Q2,1983.25,0,8.4,0.391000002622604,136.662,-200.8,43.913,58.841,0.0517875393424818,1719.089,6728.3,53.265,879.12,6.02574653393295,59.449,39.793,697.3,384.3,224.9,74.161,35.307,466.4
1983Q3,1983.5,0,9.14,0.391000002622604,139.352,-217.3,45.099,59.536,-3.44907724995643,1747.296,6860,53.823,934.228,4.95059430429456,60.078,41.177,698.6,380.4,228.5,73.863,36.797,485.4
1983Q4,1983.75,0,8.8,0.391000002622604,141.959,-194.9,46.165,59.876,0.376037975204953,1718.037,7001.5,54.219,1025.13,4.28626125607328,58.494,38.108,717.2,387.6,233.9,73.96,39.022,514.7
1984Q1,1984,0,9.17,0.39300000667572,144.682,-179.8,47.129,60.175,5.2077217043458,1738.143,7140.6,54.796,1124.157,-0.106097981679867,58.931,38.461,744,387.8,252.3,73.866,40.261,531.5
1984Q2,1984.25,0,9.8,0.39300000667572,146.604,-189,48.05,60.713,3.83026898706822,1777.082,7266,55.257,1160.68,-0.490417825001247,60.162,40.443,758.4,390.9,257.2,73.916,42.135,558.3
1984Q3,1984.5,0,10.32,0.39300000667572,147.277,-195.4,48.476,61.221,1.68134859836877,1791.778,7337.5,55.705,1185.779,-1.29058240886032,60.479,40.587,764.7,395.2,261.3,74.387,43.428,576.6
1984Q4,1984.75,0,8.8,0.39300000667572,148.249,-205.2,48.826,61.545,1.37694849951329,1825.993,7396,56.079,1170.394,-1.70449307949125,61.026,41.139,783.1,407.2,264.5,74.321,44.449,590.9
1985Q1,1985,0,8.18,0.398999989032745,149.462,-167.8,49.308,62.35,4.11405954465003,1847.95,7469.5,56.724,1138.315,-2.44767228480299,61.758,42.057,830.2,413,276.8,74.631,44.948,599.4
1985Q2,1985.25,0,7.46,0.398999989032745,150.43,-217.1,49.795,62.767,-1.1505317544929,1890.96,7537.9,57.075,1157.711,0.228166860528838,62.612,43.269,789.7,416.8,280.3,74.683,45.592,609.1
1985Q3,1985.5,0,7.11,0.398999989032745,150.84,-196.1,50.569,63.236,2.25992892620239,1935.41,7655.2,57.406,1149.823,1.93533159760403,63.887,44.934,834.4,424.1,284.2,75.313,45.074,604.4
1985Q4,1985.75,0,7.17,0.398999989032745,151.552,-201.5,51.029,63.366,-1.83672630781018,1941.759,7712.6,57.738,1192.204,1.80814882460563,64.197,45.223,841.5,427.8,289.8,76.018,45.889,618.1
1986Q1,1986,0,6.9,0.400999993085861,151.338,-201.5,51.557,63.686,2.5175027070964,1957.959,7784.1,58.02,1191.852,0.197384179516011,64.651,45.654,847.8,434.4,299.4,76.743,45.435,613.5
1986Q2,1986.25,0,6.14,0.400999993085861,150.982,-224.2,51.832,63.742,3.22673726077445,1997.828,7819.8,58.252,1171.042,-3.09741776102748,65.932,48.033,853.3,444.7,302.2,77.992,44.513,605
1986Q3,1986.5,0,5.52,0.400999993085861,151.747,-229.9,52.346,63.818,0.980058633985388,2043.397,7898.6,58.487,1139.541,-0.172740485029609,66.911,49.579,871,452.9,306.5,78.504,44.002,602
1986Q4,1986.75,-1.93521005487522,5.35,0.400999993085861,152.897,-195.1,52.614,64.071,-0.393992380030529,2031.483,7939.5,58.813,1142.952,-0.737300653122767,66.725,48.283,903,454.5,311.5,79.029,44.427,610.6
1987Q1,1987,0,5.54,0.375,154.73,-194.7,52.984,64.499,-3.68110653222416,2044.332,7995,59.24,1173.798,2.38102411323502,66.944,48.366,904,456.4,317.9,78.517,43.377,596.6
1987Q2,1987.25,0,5.66,0.375,155.613,-141.6,53.67,64.851,5.04804241157442,2062.908,8084.7,59.637,1174.41,-0.420388351617624,67.224,48.436,987,462.7,321.7,78.264,44.251,608.4
1987Q3,1987.5,0,6.04,0.375,156.702,-153.3,54.058,65.372,0.977787239693604,2067.686,8158,60.07,1174.583,0.5498822397758,67.042,47.702,976.9,464.6,326.1,78.344,45.481,625.5
1987Q4,1987.75,0,5.86,0.375,158.317,-163.1,55.086,65.639,0.783983048715685,2092.786,8292.7,60.567,1254.617,0.704336450116855,68.275,49.083,995,473.7,332.8,78.633,45.424,630.5
1988Q1,1988,-4.81818939030491,5.72,0.356000006198883,158.458,-163.8,55.325,66.095,4.66085802409554,2078.645,8339.3,61.043,1194.399,-2.83603602323274,68.282,48.173,993,485.6,353.8,79.458,45.788,641.5
1988Q2,1988.25,0,6.21,0.356000006198883,160.723,-155.8,56.269,66.674,0.0130155147596189,2086.071,8449.5,61.633,1222.857,0.168412616735227,68.311,48.045,1004,487.5,360.8,79.544,46.812,659.4
1988Q3,1988.5,0,7.01,0.356000006198883,161.166,-151.2,56.59,67.411,1.63826963258106,2087.549,8498.3,62.359,1229.659,-0.639951801555778,68.471,47.965,1028.3,494.7,366.1,79.642,47.106,666.3
1988Q4,1988.75,-1.10954533716901,7.73,0.356000006198883,162.954,-158.6,57.441,68.069,-0.688005528363848,2126.786,8610.9,62.859,1248.44,1.43452023091378,69.976,50.154,1050.4,506.7,372,79.48,47.762,681.9
1989Q1,1989,0,8.54,0.360000014305115,164.555,-136.3,57.92,68.556,-0.968390358253795,2117.151,8697.7,63.55,1290.679,0.0653971661851839,69.637,49.021,1099.2,523.7,381.5,79.003,48.52,696.3
1989Q2,1989.25,0,8.41,0.360000014305115,165.213,-158.2,58.371,69.371,-1.59356833604343,2151.79,8766.1,64.207,1278.291,-1.48665349067686,70.949,51.398,1105.6,529.6,384.5,78.102,49.181,708.9
1989Q3,1989.5,0,7.84,0.360000014305115,165.587,-163.5,58.808,69.837,2.7214752786916,2169.815,8831.5,64.672,1266.941,-2.75182873831298,71.277,51.352,1112.4,542.4,388.1,78.211,50.439,731.2
1989Q4,1989.75,-8.88730804992346,7.65,0.360000014305115,165.61,-168.5,58.849,70.177,-0.685398524959166,2181.495,8850.2,65.122,1257.676,-0.582262247431647,71.762,51.703,1119.4,556.8,393.7,78.627,49.938,727.5
1990Q1,1990,0,7.76,0.361999988555908,166.004,-195.3,59.495,70.908,1.51683940899049,2215.792,8947.1,65.841,1269.982,1.45715163298576,72.545,52.426,1137.6,573.5,406,78.991,50.57,740.9
1990Q2,1990.25,0,7.75,0.361999988555908,165.089,-201.7,59.701,71.565,1.53432162077441,2221.168,8981.7,66.52,1270.441,0.683898969273437,72.792,52.365,1155,589.4,410.3,79.904,49.914,734.2
1990Q3,1990.5,0,7.48,0.361999988555908,164.037,-196.7,59.569,72.156,0.19275268361239,2219.874,8983.9,67.114,1245.648,-1.44600513936172,72.758,51.904,1173.3,598,416.1,79.72,50.257,744.3
1990Q4,1990.75,1.85920056891843,6.99,0.361999988555908,163.203,-209.9,58.786,72.755,-0.912565238776906,2240.249,8907.4,67.622,1176.268,-3.13864236082075,73.347,53.312,1179.4,608.7,415.9,79.147,49.48,737.6
1991Q1,1991,0,6.02,0.370999991893768,161.495,-184.1,58.349,73.429,1.60147502985525,2251.208,8865.6,68.296,1137.137,-3.40640896144011,74.301,54.733,1162.2,552,426.5,79.323,48.485,729.8
1991Q2,1991.25,0,5.56,0.370999991893768,160.508,-244.1,58.94,73.813,2.26594516066417,2259.165,8934.4,68.764,1137.211,1.104451811174,74.423,54.935,1169.7,617.6,429.8,80.446,48.242,726.8
1991Q3,1991.5,0,5.38,0.370999991893768,160.324,-269.3,59.289,74.377,-1.00632542865889,2250.847,8977.3,69.269,1159.826,2.2090559877961,74.125,55.077,1184.1,654.1,434.7,80.892,47.83,720.1
1991Q4,1991.75,-1.80271932807011,4.54,0.370999991893768,160.13,-287.4,59.537,74.599,-0.577860027933374,2242.287,9016.4,69.643,1200.972,0.669341776210717,73.801,54.196,1203.6,691.8,438,81.311,47.803,717.6
1992Q1,1992,0,3.89,0.368999987840652,159.302,-324.7,60.345,74.722,10.3583471269068,2259.676,9123,69.942,1178.889,-0.98018387680713,74.118,54.897,1208.2,730.3,450.8,82.881,47.622,714.2
1992Q2,1992.25,0,3.68,0.368999987840652,160.003,-331.4,61.086,75.069,-2.23288093337644,2256.764,9223.5,70.388,1245.738,4.0272787037096,74.288,55.22,1232.7,752.2,455.8,83.051,49.173,736.7
1992Q3,1992.5,0,3.08,0.368999987840652,160.316,-343.9,61.743,75.397,0.610844897454418,2268.397,9313.2,70.723,1255.778,-0.0984309746637115,75.084,57.009,1240.7,762.3,459.9,83.483,49.933,748.6
1992Q4,1992.75,0,3.07,0.368999987840652,161.401,-330.6,62.532,75.932,-0.228520450895896,2263.51,9406.5,71.201,1294.229,1.00379019264448,75.17,57.003,1277.2,780.3,461.8,83.407,51.248,768.3
1993Q1,1993,0,2.96,0.379000008106232,162.805,-340.6,62.581,76.421,-7.3496519976663,2237.845,9424.1,71.606,1324.609,2.20566790983493,74.466,55.75,1260,786.5,469.6,82.216,51.75,776.6
1993Q2,1993.25,0,2.97,0.379000008106232,164.701,-306,62.955,76.838,-2.20320160290885,2240.344,9480.1,72.041,1332.119,2.4533066811129,74.34,55.759,1306.6,794.3,477.7,82.279,52.761,792.4
1993Q3,1993.5,0,3,0.379000008106232,165.545,-317.2,63.438,77.262,-3.47067857841549,2245.097,9526.3,72.475,1323.144,1.46022505868118,74.729,56.817,1321.1,811.5,482.3,82.026,53.19,798.4
1993Q4,1993.75,0,3.06,0.379000008106232,166.944,-283.5,64.357,77.591,3.7264755069651,2249.95,9653.5,72.853,1392.54,1.31499871996051,74.871,57.228,1383.5,826,488.9,82.217,55.102,829.5
1994Q1,1994,0,3.24,0.384999990463257,167.617,-266.5,64.981,77.823,-2.12851504196838,2222.134,9748.2,73.206,1446.244,0.495751407894784,74.545,56.885,1374,823.7,500.7,81.654,55.724,841.1
1994Q2,1994.25,0,3.99,0.384999990463257,170.45,-236.8,66.074,78.222,-1.62999463384133,2235.145,9881.4,73.571,1517.13,2.66485914317135,74.767,57.811,1420.1,830.4,508.8,81.866,56.579,855.7
1994Q3,1994.5,0,4.48,0.384999990463257,172.534,-254.6,66.474,78.71,-0.333717735005592,2272.694,9939.7,73.969,1492.158,-1.43316674601382,75.666,59.366,1440.9,837.9,513.1,81.149,57.532,871.9
1994Q4,1994.75,0,5.28,0.384999990463257,173.521,-256.8,67.53,79.034,2.85070599981812,2252.199,10052.5,74.376,1553.518,1.05038352677705,75.077,58.908,1467.3,867.7,520,81.26,59.769,906.6
1995Q1,1995,0,5.74,0.386000007390976,174.733,-254.1,67.843,79.389,0.739202932715567,2256.815,10086.9,74.803,1570.273,-3.00662125706764,75.154,58.594,1489.1,875.8,528.4,81.055,61.994,944.3
1995Q2,1995.25,0,5.6,0.386000007390976,174.718,-241.8,68.089,79.733,3.47023416264558,2268.644,10122.1,75.132,1537.736,-3.98999512417993,75.502,59.123,1507.8,882.5,532.8,80.965,62.595,956.6
1995Q3,1995.5,0,5.37,0.386000007390976,176.688,-245.2,68.866,79.986,1.75274950273977,2262.435,10208.8,75.489,1528.614,-0.27946731678852,75.578,59.441,1525.7,888.5,538,81.046,63.01,965.5
1995Q4,1995.75,0,5.26,0.386000007390976,176.826,-222.3,69.471,80.183,1.64681042036281,2242.097,10281.2,75.861,1566.652,-0.532303330926177,74.713,58.757,1544.2,882.7,542.7,81.511,64.26,982.5
1996Q1,1996,0,4.93,0.384999990463257,176.539,-223.1,69.953,80.451,6.97314249971891,2246.776,10348.7,76.272,1590.623,-3.9074939951474,74.67,58.585,1586.1,918.8,547,82.087,65.858,1003.6
1996Q2,1996.25,0,5.02,0.384999990463257,177.957,-179.9,71.355,80.758,-2.19212693526418,2282.77,10529.4,76.562,1667.682,6.10837443114306,75.833,60.015,1642.4,930.5,554.8,82.262,67.638,1026.6
1996Q3,1996.5,0,5.1,0.384999990463257,179.375,-169.6,72.227,81.028,0.228943490465625,2285.177,10626.8,76.778,1744.489,1.3485118945837,75.712,60.185,1651.4,927.1,561.4,82.478,69.765,1059.1
1996Q4,1996.75,0,4.98,0.384999990463257,181.615,-141.4,73.142,81.408,0.980313692985089,2301.908,10739.1,77.168,1743.944,0.050338209933118,76.164,61.204,1686.1,940.2,568.2,82.201,71.52,1083.5
1997Q1,1997,0,5.06,0.386000007390976,183.564,-120.7,73.721,81.871,-2.99043781294953,2301.335,10820.9,77.647,1781.576,1.90891316572246,75.966,60.65,1727,946.2,578.4,82.51,73.146,1106.8
1997Q2,1997.25,0,5.05,0.386000007390976,184.665,-102.5,75.037,82.223,2.34725676443863,2325.254,10984.2,77.857,1879.966,0.62284725655889,77.079,63.115,1760.2,947.2,585.2,82.956,74.682,1129.2
1997Q3,1997.5,0,5.05,0.386000007390976,185.789,-68.7,76.105,82.443,3.30368017412487,2329.034,11124,78.135,1913.623,0.400453720462722,77.175,62.969,1803.9,953.7,593.3,83.371,78.001,1178.4
1997Q4,1997.75,0,5.09,0.386000007390976,186.66,-72.8,76.78,82.648,-0.246231788059515,2332.473,11210.3,78.395,1940.73,1.41955849313257,77.68,64.313,1829,971.1,604.1,84.444,78.531,1181.9
1998Q1,1998,0,5.05,0.386999994516373,187.704,-22.6,77.707,82.669,3.06320394580072,2318.955,11321.2,78.523,2027.137,-1.18221798576085,77.215,62.923,1863.8,968.2,614.9,85.835,81.024,1212.4
1998Q2,1998.25,0,4.98,0.386999994516373,188.571,-8.8,78.587,82.707,5.31019245968697,2366.049,11431,78.687,2013.441,-3.59693519861926,78.471,65.354,1893.5,971.7,623.5,86.71,83.701,1246.1
1998Q3,1998.5,0,4.82,0.386999994516373,188.875,21.7,79.796,82.917,3.77180168392144,2387.567,11580.6,78.981,2067.218,-0.0557140527243392,78.54,66.63,1928.4,975.9,632.1,87.672,84.962,1259.8
1998Q4,1998.75,0,4.25,0.386999994516373,191.519,20.6,81.438,82.899,-1.25704320349199,2409.405,11770.7,79.228,2125.53,1.25523656930988,79.538,67.385,1957.4,996.6,640.5,87.628,87.404,1292.9
1999Q1,1999,0.16084853863066,4.41,0.389999985694885,191.557,47.5,82.207,83.168,6.12863825005205,2418.145,11864.7,79.624,2186.065,-2.22364448266271,79.748,67.646,1982.7,1002.1,655.6,88.712,89.318,1319.9
1999Q2,1999.25,0,4.45,0.389999985694885,192.909,62.8,82.931,83.409,-1.36196519211016,2431.652,11962.5,79.891,2188.002,-0.313745768307823,79.961,68.803,2008.3,1005.9,659.7,88.273,91.665,1351.4
1999Q3,1999.5,0,4.65,0.389999985694885,194.182,71.5,84.189,83.661,0.783441755824395,2460.252,12113.1,80.18,2242.786,0.318695234340741,80.839,70.637,2050.2,1015.9,665.6,88.329,94.236,1383.8
1999Q4,1999.75,0,5.04,0.389999985694885,194.838,84.8,85.88,83.979,4.57909387879912,2496.734,12323.3,80.547,2308.637,-0.102538737322857,81.828,72.517,2102,1035,677.4,89.517,94.578,1391.4
2000Q1,2000,0,5.52,0.391999989748001,195.59,176.2,85.913,84.544,0.176342621218504,2476.222,12359.1,81.163,2287.827,1.45570090420714,80.84,70.056,2174.2,1036.1,700.9,91.996,97.947,1445.5
2000Q2,2000.25,0,5.71,0.391999989748001,195.798,146.4,87.802,84.958,4.45228943746804,2506.392,12592.5,81.623,2424.549,-0.756434418268194,82.373,72.619,2203.6,1064.8,702.4,91.582,101.045,1494.7
2000Q3,2000.5,0,6.02,0.391999989748001,195.775,153.7,87.808,85.472,1.20181392391457,2501.218,12607.7,82.152,2394.141,-2.55276579542573,81.965,72.518,2206.9,1079.1,714.8,92.571,102.11,1515.5
2000Q4,2000.75,0,6.02,0.391999989748001,194.965,149.8,88.32,85.825,3.66797177156417,2508.965,12679.3,82.593,2395.566,-2.45222267305811,82.157,73.529,2226.6,1103.5,719.5,92.444,102.38,1519.4
2001Q1,2001,0,4.82,0.384999990463257,194.632,130,87.913,86.212,0.423005390863067,2546.27,12643.3,83.112,2285.261,-1.76249181559068,83.427,75.979,2244.1,1127.6,739.2,93.797,101.554,1501.5
2001Q2,2001.25,0,3.66,0.384999990463257,192.666,92.8,88.46,86.679,2.81963588760371,2596.404,12710.3,83.699,2277.059,-1.25734755128581,84.439,77.737,2242.6,1159.5,737.8,93.381,99.248,1467.6
2001Q3,2001.5,0.912454147590981,3.17,0.384999990463257,190.574,-130.2,87.975,86.701,-0.0351941912891194,2594.584,12670.1,83.973,2236.591,-1.66632908228771,85.209,78.956,2028.3,1167.6,735.3,93.227,97.951,1445
2001Q4,2001.75,0,1.91,0.384999990463257,188.421,-34.7,88.054,86.907,4.29184034887311,2632.367,12705.3,84.227,2126.879,-3.23403952629198,85.842,80.391,2139.7,1219.2,735.5,94.143,95.113,1401.5
2002Q1,2002,2.7684516482942,1.72,0.379999995231628,186.73,-228,89.241,86.783,4.87847874508995,2671.272,12822.3,84.497,2202.776,1.81360914996442,86.978,82.389,1986.4,1257.6,749.1,94.306,93.181,1371.9
2002Q2,2002.25,0,1.72,0.379999995231628,187.236,-266.5,89.551,87.237,-2.28079306086124,2696.875,12893,84.812,2224.915,2.18778767521106,87.838,83.541,1984.4,1270.5,755.9,94.393,91.944,1351.6
2002Q3,2002.5,0.850242320094317,1.64,0.379999995231628,186.659,-276.9,89.957,87.492,1.91170770564394,2717.759,12955.8,85.19,2224.612,-0.916692116617552,88.307,84.442,2010.4,1282.6,757.2,94.343,91.401,1343.7
2002Q4,2002.75,0,1.33,0.379999995231628,186.848,-310.6,89.904,87.811,-1.23022980438154,2737.143,12964,85.651,2220.654,1.33652249409287,88.902,85.426,2026.1,1303.8,758.7,94.009,90.305,1328.4
2003Q1,2003,1.11474234608489,1.16,0.358999997377396,185.877,-333.4,90.322,88.176,1.72090539317092,2728.291,13031.2,86.179,2239.474,0.203924436977593,88.525,83.639,2033.8,1329,768.2,93.651,90.52,1327.8
2003Q2,2003.25,0,1.04,0.358999997377396,185.352,-401.8,91.303,88.292,7.59075783942632,2771.221,13152.1,86.455,2251.283,-3.05890198742025,90.051,87.109,2041.4,1347.4,778.1,95.466,92.707,1359.1
2003Q3,2003.5,0.360556545078859,0.93,0.358999997377396,185.616,-472.5,93.414,88.602,4.45796122797588,2771.238,13372.4,86.934,2330.89,0.298103119708393,89.549,85.773,2008.8,1369.9,787.4,96.156,94.565,1388.5
2003Q4,2003.75,0.672497744978326,0.92,0.358999997377396,186.577,-403.8,94.798,88.711,-2.56082903630179,2786.323,13528.7,87.346,2413.141,4.74819945139012,90.233,87.426,2114.5,1372.3,799.1,97.088,95.919,1411.5
2004Q1,2004,0,0.92,0.358000010251999,187.389,-441,95.177,89.391,-0.583079312760501,2793.935,13606.5,88.108,2414.528,2.37228782794486,90.527,87.753,2125.5,1424.8,814.6,96.116,94.853,1400.3
2004Q2,2004.25,0.208481066839449,1.08,0.358000010251999,187.495,-402.2,96.164,89.944,4.0137730131327,2809.923,13706.2,88.875,2500.867,-1.37239551836315,90.868,88.433,2171.8,1433,828.3,97.26,96.962,1440.2
2004Q3,2004.5,0,1.49,0.358000010251999,188.716,-373.1,97.108,90.555,1.67860963018639,2820.664,13830.8,89.422,2539.376,1.27707674109635,91.365,89.48,2246.3,1441.4,843.1,98.263,99.597,1485.6
2004Q4,2004.75,0,2.01,0.358000010251999,189.735,-380.5,97.945,91.336,2.09861244808053,2808.229,13950.4,90.049,2590.616,-2.23700264462144,91.145,88.367,2303.8,1463.9,848.3,97.637,101.712,1526.5
2005Q1,2005,0.79593695160735,2.54,0.351000010967255,190.065,-312.9,99.186,92.175,1.59644469578827,2814.091,14099.1,90.883,2664.359,0.25762550086274,91.484,89.015,2476.6,1516.5,864.4,97.922,102.969,1560.5
2005Q2,2005.25,0,2.86,0.351000010967255,191.286,-310,99.712,92.882,0.803775799245653,2818.942,14172.7,91.543,2630.506,-0.791895035417246,91.442,88.697,2512.5,1523.5,871.8,97.778,104.449,1595.2
2005Q3,2005.5,0,3.36,0.351000010967255,191.697,-307.9,100.673,93.834,1.2698085495867,2840.97,14291.8,92.399,2657.863,1.4132661237389,92.216,90.475,2567,1544.6,883.9,97.511,106.363,1633.8
2005Q4,2005.75,0,3.83,0.351000010967255,192.925,-288.1,101.377,94.552,-1.02842161720238,2830.703,14373.4,93.1,2737.639,2.38553929817181,91.675,89.192,2648.1,1566.2,892,97.224,106.79,1656.4
2006Q1,2006,0,4.39,0.352999985218048,194.67,-242.5,102.934,95.138,3.80918913074072,2853.496,14546.1,93.832,2773.826,0.213848516362352,92.424,91.367,2746.4,1603.7,920,98.747,110.728,1729.4
2006Q2,2006.25,1.66814343294867,4.7,0.352999985218048,195.207,-244.3,103.13,95.944,-2.9224507723034,2864.122,14589.6,94.587,2755.714,1.33058670049704,92.314,90.913,2800.8,1626.7,923.4,97.929,112.111,1761
2006Q3,2006.5,0,4.91,0.352999985218048,196.33,-234,103.263,96.463,-2.60498571223704,2870.426,14602.6,95.247,2727.6,0.496820889040671,92.712,90.967,2840.8,1653.6,926.5,97.097,113.449,1793.6
2006Q4,2006.75,0,4.9,0.352999985218048,196.937,-187.3,104.398,96.485,2.92455776841588,2889.085,14716.9,95.58,2663.03,-1.61537948883045,93.405,91.675,2863.7,1654,938.9,99.247,114.186,1821.2
2007Q1,2007,0,4.98,0.352999985218048,196.984,-213.8,104.523,97.37,-2.14325389700028,2882.744,14726,96.654,2638.528,0.288784472462572,93.128,90.748,2945,1737.6,962.3,100.702,116.145,1864.7
2007Q2,2007.25,0,4.74,0.352999985218048,197.689,-251.9,105.582,97.923,-2.24484253065043,2907.034,14838.7,97.194,2674.7,2.25202242425663,93.664,91.807,2973.2,1717.4,962.8,99.537,118.427,1907.5
2007Q3,2007.5,0,4.3,0.352999985218048,197.097,-286.9,106.462,98.085,0.636704821638751,2928.048,14938.5,97.531,2658.118,-2.02424113299337,94.443,93.048,2953.3,1744.5,964.6,99.232,120.263,1937.9
2007Q4,2007.75,5.07348166150045,3.39,0.352999985218048,196.627,-309.9,106.674,98.354,1.09007272776361,2939.81,14991.8,97.956,2605.21,-1.43488922441285,94.796,92.696,2962.2,1787.4,974.9,99.103,122.292,1972.3
2008Q1,2008,0,2.04,0.352999985218048,196.047,-409,105.298,98.749,-4.64164477215953,2951.988,14889.5,98.516,2517.473,0.186030000918941,95.261,92.737,2911.1,1825.7,991.4,98.988,122.325,1981.6
2008Q2,2008.25,0,1.63,0.352999985218048,195.112,-780.5,105.827,99.185,0.955570888806581,2974.981,14963.4,98.995,2472.623,-0.430090034792988,95.499,92.559,2716.7,1960.7,992,97.81,121.62,1978.7
2008Q3,2008.5,0,1.49,0.352999985218048,193.02,-663.6,104.957,99.923,0.520021205935655,3016.161,14891.6,99.673,2403.773,-2.06137834379952,96.906,94.885,2793.9,1897.1,995.5,97.154,118.337,1947.3
2008Q4,2008.75,-1.64103307998868,0.3,0.352999985218048,188.205,-682.8,101.701,99.956,0.338607255752352,3035.882,14577,99.815,2190.041,-6.76910617778859,97.89,96.232,2686.3,1935.1,993.4,100.518,111.429,1856.2
2009Q1,2009,0,0.21,0,183.237,-1040.1,99.797,100.287,5.40561052417396,3040.542,14375,100.062,1937.678,-7.94473619172706,98.376,96.765,2417,2048.1,966.2,98.69,103.357,1712.3
2009Q2,2009.25,0,0.17,0,179.255,-1334.7,99.494,99.871,8.04619218064287,3096.001,14355.6,99.895,1820.549,-4.57125127204802,100.111,100.03,2377.6,2202.1,971.2,100.594,100.033,1637.5
2009Q3,2009.5,0,0.16,0,177.079,-1340.9,99.728,99.851,0.364489899990102,3112.999,14402.5,99.873,1804.679,4.4352133157223,100.668,101.532,2432.4,2209.7,968.4,100.443,98.753,1600.3
2009Q4,2009.75,0,0.06,0,177.201,-1279.6,100.981,99.991,2.11261677233095,3106.822,14541.9,100.169,1949.553,3.41803887374455,100.845,101.673,2500.6,2207.9,971.6,100.233,97.856,1583.6
2010Q1,2010,0,0.11,0,177.205,-1351.9,101.544,100.383,-2.9471925813801,3084.28,14604.8,100.522,2012.899,3.25704907405171,100.289,100.126,2523.2,2283.7,976.9,99.479,98.874,1594.4
2010Q2,2010.25,0,0.15,0,178.704,-1338.4,102.722,100.779,-1.94961049202478,3106.209,14745.9,100.968,2116.907,4.50733190925398,100.526,100.151,2565.5,2278.1,989,100.639,101.581,1641.8
2010Q3,2010.5,0,0.16,0,179.508,-1319.2,103.77,101.151,1.21939501081226,3103.533,14845.5,101.429,2185.703,2.38383826634536,100.307,100.642,2650.3,2310.6,993.3,100.904,103.632,1677.4
2010Q4,2010.75,-0.649845922189668,0.14,0,180.518,-1305.3,104.739,101.631,-2.00193426137591,3071.524,14939,101.949,2166.144,2.35028872719751,99.338,98.369,2703.4,2328.5,996.9,100.595,105.794,1719.3
2011Q1,2011,0,0.13,0,180.864,-1236.4,104.088,101.868,-0.642462356169285,3012.216,14881.3,102.399,2125.917,-0.951125267645476,97.83,94.412,2846.5,2333.5,918.1,101.308,105.552,1722.4
2011Q2,2011.25,0,0.05,0,182.27,-1313.2,105.229,102.565,-1.83152450981982,3008.995,14989.6,103.145,2207.971,2.36824952568125,97.808,94.831,2864.5,2335.3,920.7,99.728,107.807,1768.5
2011Q3,2011.5,-2.51585518681821,0.02,0,183.182,-1231.2,105.525,103.199,-0.00045401026253522,2990.006,15021.1,103.768,2214.023,-1.09461566338124,97.279,95.275,2860.7,2321.3,928.5,99.739,112.695,1854.5
2011Q4,2011.75,-0.3113016597538,0.01,0,184.356,-1195.8,107.024,103.525,1.66034124108608,2978.279,15190.3,103.917,2373.743,2.06635580151735,96.916,93.324,2906.5,2331.3,921.6,98.289,115.286,1902.9
2012Q1,2012,0,0.07,0,185.792,-1073.2,107.904,103.936,1.72570067762506,2957.762,15275,104.461,2413.671,1.45937805951941,96.766,93.277,3031.1,2353.7,948.6,99.95,116.935,1942
2012Q2,2012.25,0,0.09,0,186.003,-1098,108.519,104.517,0.195189958902814,2954.859,15336.7,104.942,2447.991,-1.33854121959094,96.592,93.255,3070.5,2374,949.4,100.056,118.191,1968.8
2012Q3,2012.5,0,0.1,0,186.906,-1102.2,109.498,104.979,2.44009893374744,2974.394,15431.3,105.428,2457.71,-1.06451945211207,97.758,95.904,3059.1,2381.6,951.5,99.705,118.431,1978.3
2012Q4,2012.75,0,0.09,0,187.92,-1043.1,109.529,105.228,-0.166524700639669,2928.714,15433.7,105.824,2424.278,0.331571121085723,96.407,92.798,3144.8,2388.7,973.7,101.525,119.494,1998.7
2013Q1,2013,-2.96280883834868,0.09,0,188.655,-746.1,110.18,105.475,-1.17792999721035,2899.769,15538.4,106.204,2468.974,2.06981211392235,95.841,91.538,3252.2,2417.1,1096,99.871,119.931,2010.3
2013Q2,2013.25,0,0.05,0,189.344,-561.2,110.714,105.867,1.8607997074974,2901.17,15606.6,106.488,2510.684,-0.8768261111527,95.8,91.495,3257.3,2430.7,1107.5,100.686,120.41,2026.9
2013Q3,2013.5,0,0.03,0,190.242,-749.8,112.236,106.367,4.94157921246082,2902.411,15779.9,106.923,2610.266,-2.65243034672995,95.895,92.097,3282,2454.2,1113.2,100.513,122.028,2060.2
2013Q4,2013.75,0,0.06,0,190.911,-539.4,113.542,106.736,1.14498084785187,2874.457,15916.2,107.301,2634.69,0.374982737528505,94.958,90.305,3342.7,2447.9,1122.9,100.63,125.09,2118.7
